epoch,train_reconstruction_loss,train_vq_loss,train_physics_loss,train_total_loss,val_reconstruction_loss,val_physics_loss,divergence_error,residual_norm,codebook_perplexity,codebook_utilization,lr
1,0.42706785851716994,17361.63644195375,18.21633031463623,17362.063574738382,0.21572106191888452,23.727984845638275,1.3310385942459106,9.694808959960938,359.5395537299612,0.859375,0.000299794430213186
2,0.19560987406969071,0.036116077065467836,24.715030326843262,0.23172595077753066,0.1962591833434999,24.78574001789093,1.3102657794952393,9.927209854125977,475.8358833435625,1.0,0.00029917828430524096
3,0.1860007409453392,0.03633521394431591,25.021405601501463,0.22233595484495164,0.1924530635587871,24.20217752456665,1.3039236068725586,9.80684757232666,475.89686924857165,1.0,0.00029815325108927063
4,0.18176683950424194,0.04059391455352306,24.772552360534668,0.2223607542514801,0.19007259886711836,24.113648772239685,1.2892251014709473,9.783712387084961,475.86199065364514,1.0,0.0002967221401100708
5,0.1749132262468338,0.06741325129568577,23.18733706665039,0.24232647746801375,0.183680709451437,19.716042160987854,1.1732358932495117,8.841106414794922,472.3394743438673,1.0,0.0002948888739433602
6,0.1356697296500206,0.08657752966880798,12.970691820144653,0.22224725836515427,0.11006360850296915,6.620556280016899,0.5816379189491272,5.122147560119629,466.3071226390217,0.998046875,0.00029265847744427303
7,0.08424516463279724,0.059147503718733785,4.263151268959046,0.14339266857504845,0.08089002408087254,2.9815026745200157,0.3500644564628601,3.459606885910034,448.27518863034237,0.9921875,0.00029003706397458023
8,0.06860361859202385,0.046285109415650366,2.524176343917847,0.11488872817158699,0.07286791363731027,2.3034903071820736,0.3048899471759796,3.0448052883148193,453.6424664248063,1.0,0.0002870318186463901
9,0.062414098024368286,0.042685416296124455,2.1366655116081237,0.10509951424598694,0.0680048584472388,2.0507032983005047,0.2758755385875702,2.8677263259887695,455.9197150978403,0.998046875,0.00028365097862825513
10,0.0582544969022274,0.04086880645155907,1.9747882356643678,0.09912330320477486,0.06595247762743384,2.0755545161664486,0.26383161544799805,2.887106418609619,459.7139992995346,0.998046875,0.0002799038105676658
11,0.05553975263237953,0.039479584008455276,1.8590526990890504,0.09501933667063713,0.062374095199629664,1.8348868153989315,0.24680586159229279,2.721924304962158,458.58156811494814,0.998046875,0.00027580058519181355
12,0.05334887430071831,0.038556309893727304,1.7844934215545654,0.09190518432855606,0.060111378552392125,1.7540106661617756,0.23991169035434723,2.6568872928619385,457.2876237712126,0.998046875,0.00027135254915624206
13,0.05159078592061996,0.03792533506453037,1.731581847667694,0.08951612105965615,0.0584427728317678,1.7990128360688686,0.23780658841133118,2.691467046737671,464.3160953870523,1.0,0.00026657189421854557
14,0.04934276983141899,0.03683305631577968,1.6951935477256774,0.08617582610249519,0.056656125700101256,1.7234133072197437,0.23286403715610504,2.6331660747528076,458.11668014946497,0.994140625,0.0002614717238216091
15,0.04706469996273518,0.035117736950516704,1.6561242575645447,0.08218243673443794,0.05346914229448885,1.6057905405759811,0.22174718976020813,2.5437066555023193,460.0021076316575,0.99609375,0.0002560660171779821
16,0.044238517761230466,0.03228468284010887,1.6159814586639405,0.07652320066094398,0.04988201265223324,1.7460187338292599,0.22336944937705994,2.6470232009887695,462.53101298010927,1.0,0.0002503695909538287
17,0.04171873660385609,0.029157100461423398,1.5601535248756409,0.07087583711743355,0.046550138387829065,1.5776616744697094,0.20962071418762207,2.5195250511169434,462.70612169167765,1.0,0.0002443980586574756
18,0.03981568251550198,0.02777819811552763,1.501758885383606,0.06759388047456741,0.045787945156916976,1.5699940584599972,0.207172229886055,2.5140445232391357,469.2731478474244,1.0,0.0002381677878438709
19,0.03850314952433109,0.02744582909345627,1.4456931562423707,0.0659489786028862,0.04532465001102537,1.4288423135876656,0.1986473947763443,2.4010448455810547,461.0082437056096,0.998046875,0.000231695855252254
20,0.03737507060170173,0.027321042150259017,1.414718740940094,0.06469611260294915,0.04361744085326791,1.438975278288126,0.19843831658363342,2.409008741378784,463.80244967043944,1.0,0.0002249999999999999
21,0.03637192083895206,0.02728246833384037,1.3802835474014281,0.0636543892621994,0.043705052114091814,1.4281334020197392,0.196403369307518,2.4012882709503174,465.4742561989783,1.0,0.00021809857496093193
22,0.035522192478179934,0.027471732802689077,1.3518192591667175,0.06299392540752888,0.042139687575399876,1.4485746398568153,0.1977601796388626,2.41387939453125,466.91854811669117,1.0,0.00021101049646136998
23,0.03495500585436821,0.02763438640534878,1.3306003346443176,0.06258939209580422,0.042033907608129084,1.3402900882065296,0.1889273226261139,2.3191685676574707,461.4793222866257,0.998046875,0.00020375519243179502
24,0.03434394094347954,0.027911597825586797,1.3082804369926453,0.062255538821220396,0.04237264720723033,1.4415047205984592,0.19310110807418823,2.4089701175689697,464.9746072461543,1.0,0.00019635254915624205
25,0.03385774873197079,0.02810884776711464,1.2920673542022705,0.06196659652888775,0.04111232061404735,1.3100098967552185,0.18710631132125854,2.2931625843048096,463.3708021501574,1.0,0.00018882285676537805
26,0.033283360943198205,0.02819280245900154,1.2749141607284546,0.06147616346180439,0.04023068305104971,1.3816005513072014,0.1896452158689499,2.3527603149414062,467.0003743415269,0.998046875,0.00018118675362266382
27,0.03296923385560512,0.028261111319065092,1.255558608531952,0.061230345144867894,0.04072614340111613,1.2837282605469227,0.18686911463737488,2.271773338317871,465.5423966389431,0.998046875,0.0001734651697560346
28,0.03257078541070223,0.028337700299918653,1.2419971575736999,0.06090848559141159,0.04071904951706529,1.386537916958332,0.18974719941616058,2.3595352172851562,469.4334974187034,1.0,0.00016567926949014798
29,0.03215810215473175,0.027692964293062686,1.2206576352119445,0.05985106641054153,0.039741705637425184,1.2693427465856075,0.1821622997522354,2.259599208831787,467.5123677723186,0.998046875,0.0001578503934364415
30,0.03168890523165464,0.028455347739160062,1.218011571407318,0.06014425288140774,0.03934528969693929,1.2421035207808018,0.1813875436782837,2.236259698867798,461.2608647251489,0.998046875,0.00015
31,0.031447564661502836,0.028226540699601173,1.2105705423355102,0.05967410545051098,0.03937966062221676,1.2387485280632973,0.179855078458786,2.2357044219970703,466.047051126231,1.0,0.0001421496065635584
32,0.031032551310956478,0.028364732146263123,1.1967589550018312,0.05939728358387947,0.03966933430638164,1.259583257138729,0.184981107711792,2.2511703968048096,464.0050882713037,1.0,0.00013432073050985197
33,0.030732618257403373,0.02790622829645872,1.1777365231513977,0.058638846591115,0.039665024029091,1.2750950623303652,0.18117892742156982,2.264824867248535,462.1911774838563,1.0,0.00012653483024396533
34,0.03065130303055048,0.027368888698518275,1.1705014743804931,0.05802019160985947,0.03867218014784157,1.1583301965147257,0.17246703803539276,2.1623220443725586,460.38600365524513,1.0,0.00011881324637733606
35,0.029720105431973932,0.02768215063214302,1.1557297520637513,0.05740225602686405,0.038725401856936514,1.241869494318962,0.17913788557052612,2.2350025177001953,466.1572704187879,1.0,0.00011117714323462187
36,0.029523111306130886,0.027809866473078728,1.1528744406700133,0.05733297766745091,0.03753247961867601,1.1809651870280504,0.1761907935142517,2.1830127239227295,462.63545276788784,1.0,0.00010364745084375787
37,0.02934174145013094,0.02785000239312649,1.1427017388343812,0.05719174380600452,0.03803702269215137,1.2228393480181694,0.17954403162002563,2.222240686416626,466.44476539080796,1.0,9.624480756820493e-05
38,0.02897130037844181,0.028114984966814516,1.1495970897674561,0.0570862852782011,0.03757387702353299,1.1973957642912865,0.1768726408481598,2.1955878734588623,466.75648369690276,1.0,8.898950353862994e-05
39,0.02863285269588232,0.028137220956385135,1.140312343597412,0.05677007368206978,0.038129187654703856,1.1919118538498878,0.17677798867225647,2.1922450065612793,463.75932470725644,1.0,8.190142503906796e-05
40,0.028686928272247315,0.02732210695743561,1.1248237447738647,0.05600903521478176,0.037392933503724635,1.1709894463419914,0.17554491758346558,2.176569938659668,465.70440036753376,1.0,7.500000000000001e-05
41,0.028014762058854104,0.027895976677536963,1.1322128348350524,0.055910738691687584,0.03736670722719282,1.2245078422129154,0.18132391571998596,2.2230005264282227,465.4199640043655,1.0,6.830414474774596e-05
42,0.028119889460504054,0.02814246005564928,1.136262674331665,0.056262349501252175,0.03707360883709043,1.183803465217352,0.17680829763412476,2.186432361602783,467.3108776888038,1.0,6.183221215612902e-05
43,0.027775796175003052,0.027653879858553408,1.1205500831604005,0.055429675862193106,0.03758217743597925,1.2009702399373055,0.17841051518917084,2.200863838195801,466.18451384230315,1.0,5.560194134252439e-05
44,0.027719127848744394,0.028118462197482586,1.1290385613441467,0.0558375901132822,0.03784539119806141,1.2088491022586823,0.1794753521680832,2.2095751762390137,464.19276888320377,1.0,4.96304090461713e-05
45,0.027890162259340285,0.02801677705347538,1.130677511692047,0.055906939253211024,0.03694475325755775,1.1766452435404062,0.1745426058769226,2.1815884113311768,463.52041731915847,1.0,4.393398282201787e-05
46,0.027725113674998282,0.027289734676480295,1.1153994383811952,0.05501484827697277,0.03700915875378996,1.1793251652270555,0.17543925344944,2.1823248863220215,462.5458079089682,1.0,3.8528276178390874e-05
47,0.027392230749130247,0.0277310022264719,1.1269125628471375,0.0551232331097126,0.03680317127145827,1.176807127892971,0.17449721693992615,2.1786344051361084,461.61443487608875,0.998046875,3.342810578145436e-05
48,0.027206810861825942,0.02778885516524315,1.1277721807956695,0.05499566602706909,0.03719470638316125,1.2020980324596167,0.17811176180839539,2.201157331466675,462.94266997883676,0.998046875,2.8647450843757894e-05
49,0.028122565180063248,0.028495590254664423,1.1830874972343446,0.05661815539002418,0.037709327531047165,1.2068924121558666,0.18178825080394745,2.203803300857544,463.83020611521954,1.0,2.4199414808186403e-05
50,0.0330119859278202,0.03256044802069664,1.6034041666984558,0.06557243385910988,0.07023952982854098,4.3982840441167355,0.424887478351593,4.009464740753174,472.2115716600409,1.0,2.0096189432334187e-05
51,0.32325753155350684,0.1301630308777094,19.405237510681154,0.453420560926199,0.2451817956753075,23.77898472547531,1.442529320716858,9.718697547912598,407.87337461552806,0.982421875,1.6349021371744827e-05
52,0.1974665589928627,0.10229237452149391,23.033138595581054,0.2997589339017868,0.1865284820087254,20.59084951877594,1.2464849948883057,9.040553092956543,453.65279063662774,0.998046875,1.2968181353609849e-05
53,0.17801468938589096,0.11463966163992882,21.371620193481444,0.29265435123443606,0.19011607766151428,21.62165677547455,1.2677128314971924,9.265806198120117,465.0166068254019,1.0,9.962936025419734e-06
54,0.1722679411172867,0.11162117326259613,20.779165588378905,0.28388911521434784,0.1843003910034895,20.763743072748184,1.2403242588043213,9.103769302368164,468.16431219025964,0.998046875,7.3415225557269666e-06
55,0.16689364290237427,0.11294921207427978,19.76340835571289,0.27984285521507263,0.1811943226493895,19.982536166906357,1.2177330255508423,8.92771053314209,467.87239786866695,1.0,5.111126056639751e-06
56,0.1645893968939781,0.11413537925481797,19.301228721618653,0.2787247775793076,0.18043753877282143,19.561175286769867,1.2056663036346436,8.808833122253418,468.9152928205766,1.0,3.2778598899291457e-06
57,0.16339282143115996,0.11435744094848632,19.021829498291016,0.277750261425972,0.18005703436210752,19.452926367521286,1.204351544380188,8.77263069152832,467.55125792543254,1.0,1.8467489107293506e-06
58,0.162672834277153,0.11446552759408951,18.875992179870604,0.277138360619545,0.17965471278876066,19.41473624110222,1.203137993812561,8.759017944335938,466.97662120759077,1.0,8.217156947589897e-07
59,0.16259832435846328,0.1144346914589405,18.915487655639648,0.277033016204834,0.18000657577067614,19.331631004810333,1.1985634565353394,8.742234230041504,468.35081598249684,1.0,2.05569786813925e-07
60,0.16257603085041047,0.11437085941433907,18.842211616516114,0.27694689023494723,0.18044211342930794,19.081750988960266,1.1987231969833374,8.683459281921387,467.2701117104625,1.0,0.0
